"","months","monthweek","week_day","days","n","month_week"
"1","Jan",1,"Sun","8",10,1
"2","Jan",1,"Mon","2",6,1
"3","Jan",1,"Tue","3",11,1
"4","Jan",1,"Tue","5",1,1
"5","Jan",1,"Wed","4",5,1
"6","Jan",1,"Thu","5",8,1
"7","Jan",1,"Thu","6",1,1
"8","Jan",1,"Fri","6",13,1
"9","Jan",1,"Sat","7",7,1
"10","Jan",2,"Sun","9",2,2
"11","Jan",2,"Sun","15",7,2
"12","Jan",2,"Mon","9",9,2
"13","Jan",2,"Tue","10",10,2
"14","Jan",2,"Tue","11",1,2
"15","Jan",2,"Wed","11",13,2
"16","Jan",2,"Thu","12",6,2
"17","Jan",2,"Fri","13",8,2
"18","Jan",2,"Sat","14",13,2
"19","Jan",3,"Sun","22",9,3
"20","Jan",3,"Mon","16",14,3
"21","Jan",3,"Mon","17",1,3
"22","Jan",3,"Tue","17",5,3
"23","Jan",3,"Wed","18",9,3
"24","Jan",3,"Wed","19",1,3
"25","Jan",3,"Thu","19",5,3
"26","Jan",3,"Fri","20",10,3
"27","Jan",3,"Fri","21",1,3
"28","Jan",3,"Sat","21",11,3
"29","Jan",3,"Sat","22",1,3
"30","Jan",4,"Sun","29",8,4
"31","Jan",4,"Mon","23",9,4
"32","Jan",4,"Tue","24",11,4
"33","Jan",4,"Wed","25",10,4
"34","Jan",4,"Thu","26",5,4
"35","Jan",4,"Fri","27",9,4
"36","Jan",4,"Sat","27",1,4
"37","Jan",4,"Sat","28",8,4
"38","Jan",5,"Mon","30",9,5
"39","Jan",5,"Tue","31",9,5
"40","Jan",52,"Sun","1",13,1
"41","Jan",52,"Sat","1",1,1
"42","Feb",1,"Sun","5",6,1
"43","Feb",1,"Tue","1",1,1
"44","Feb",1,"Wed","1",10,1
"45","Feb",1,"Thu","2",12,1
"46","Feb",1,"Fri","3",7,1
"47","Feb",1,"Fri","4",1,1
"48","Feb",1,"Sat","4",4,1
"49","Feb",2,"Sun","12",7,2
"50","Feb",2,"Mon","6",15,2
"51","Feb",2,"Tue","7",14,2
"52","Feb",2,"Tue","8",1,2
"53","Feb",2,"Wed","8",3,2
"54","Feb",2,"Wed","9",1,2
"55","Feb",2,"Thu","9",7,2
"56","Feb",2,"Fri","10",5,2
"57","Feb",2,"Fri","11",1,2
"58","Feb",2,"Sat","11",8,2
"59","Feb",3,"Sun","19",8,3
"60","Feb",3,"Mon","13",10,3
"61","Feb",3,"Mon","14",1,3
"62","Feb",3,"Tue","14",7,3
"63","Feb",3,"Wed","15",8,3
"64","Feb",3,"Thu","16",5,3
"65","Feb",3,"Fri","17",9,3
"66","Feb",3,"Sat","18",2,3
"67","Feb",3,"Sat","19",2,3
"68","Feb",4,"Sun","20",2,4
"69","Feb",4,"Sun","26",4,4
"70","Feb",4,"Mon","20",12,4
"71","Feb",4,"Tue","21",9,4
"72","Feb",4,"Wed","22",3,4
"73","Feb",4,"Thu","23",11,4
"74","Feb",4,"Thu","24",1,4
"75","Feb",4,"Fri","24",6,4
"76","Feb",4,"Sat","25",6,4
"77","Feb",4,"Sat","26",1,4
"78","Feb",5,"Sun","27",1,5
"79","Feb",5,"Mon","27",9,5
"80","Feb",5,"Tue","28",8,5
"81","Mar",1,"Sun","5",8,1
"82","Mar",1,"Tue","1",2,1
"83","Mar",1,"Wed","1",9,1
"84","Mar",1,"Thu","2",7,1
"85","Mar",1,"Fri","3",13,1
"86","Mar",1,"Fri","4",1,1
"87","Mar",1,"Sat","4",8,1
"88","Mar",2,"Sun","12",4,2
"89","Mar",2,"Mon","6",11,2
"90","Mar",2,"Tue","7",8,2
"91","Mar",2,"Wed","8",5,2
"92","Mar",2,"Thu","9",6,2
"93","Mar",2,"Fri","10",8,2
"94","Mar",2,"Sat","11",10,2
"95","Mar",3,"Sun","13",1,3
"96","Mar",3,"Sun","19",6,3
"97","Mar",3,"Mon","13",8,3
"98","Mar",3,"Tue","14",9,3
"99","Mar",3,"Wed","15",4,3
"100","Mar",3,"Wed","16",1,3
"101","Mar",3,"Thu","16",8,3
"102","Mar",3,"Fri","17",8,3
"103","Mar",3,"Sat","18",9,3
"104","Mar",4,"Sun","26",9,4
"105","Mar",4,"Mon","20",4,4
"106","Mar",4,"Tue","21",1,4
"107","Mar",4,"Wed","22",10,4
"108","Mar",4,"Thu","23",8,4
"109","Mar",4,"Fri","24",8,4
"110","Mar",4,"Sat","25",8,4
"111","Mar",5,"Sun","27",1,5
"112","Mar",5,"Mon","27",10,5
"113","Mar",5,"Mon","28",2,5
"114","Mar",5,"Tue","28",9,5
"115","Mar",5,"Wed","29",6,5
"116","Mar",5,"Thu","30",10,5
"117","Mar",5,"Fri","31",11,5
"118","Apr",1,"Sun","2",8,1
"119","Apr",1,"Fri","1",1,1
"120","Apr",1,"Sat","1",3,1
"121","Apr",2,"Sun","3",1,2
"122","Apr",2,"Sun","9",6,2
"123","Apr",2,"Mon","3",5,2
"124","Apr",2,"Mon","4",1,2
"125","Apr",2,"Tue","4",11,2
"126","Apr",2,"Wed","5",4,2
"127","Apr",2,"Wed","6",1,2
"128","Apr",2,"Thu","6",7,2
"129","Apr",2,"Fri","7",13,2
"130","Apr",2,"Sat","8",7,2
"131","Apr",2,"Sat","9",2,2
"132","Apr",3,"Sun","10",1,3
"133","Apr",3,"Sun","16",13,3
"134","Apr",3,"Mon","10",14,3
"135","Apr",3,"Tue","11",9,3
"136","Apr",3,"Tue","12",1,3
"137","Apr",3,"Wed","12",12,3
"138","Apr",3,"Thu","13",6,3
"139","Apr",3,"Thu","14",1,3
"140","Apr",3,"Fri","14",14,3
"141","Apr",3,"Fri","15",1,3
"142","Apr",3,"Sat","15",12,3
"143","Apr",3,"Sat","16",1,3
"144","Apr",4,"Sun","23",7,4
"145","Apr",4,"Mon","17",8,4
"146","Apr",4,"Tue","18",10,4
"147","Apr",4,"Tue","19",1,4
"148","Apr",4,"Wed","19",11,4
"149","Apr",4,"Thu","20",12,4
"150","Apr",4,"Thu","21",2,4
"151","Apr",4,"Fri","21",13,4
"152","Apr",4,"Sat","22",8,4
"153","Apr",4,"Sat","23",4,4
"154","Apr",5,"Sun","30",8,5
"155","Apr",5,"Mon","24",12,5
"156","Apr",5,"Tue","25",7,5
"157","Apr",5,"Wed","26",7,5
"158","Apr",5,"Thu","27",6,5
"159","Apr",5,"Thu","28",1,5
"160","Apr",5,"Fri","28",8,5
"161","Apr",5,"Sat","29",12,5
"162","Apr",5,"Sat","30",2,5
"163","May",1,"Sun","1",1,1
"164","May",1,"Sun","7",6,1
"165","May",1,"Mon","1",11,1
"166","May",1,"Mon","2",1,1
"167","May",1,"Tue","2",5,1
"168","May",1,"Wed","3",5,1
"169","May",1,"Wed","4",1,1
"170","May",1,"Thu","4",11,1
"171","May",1,"Thu","5",2,1
"172","May",1,"Fri","5",11,1
"173","May",1,"Fri","6",1,1
"174","May",1,"Sat","6",5,1
"175","May",2,"Sun","14",7,2
"176","May",2,"Mon","8",5,2
"177","May",2,"Mon","9",1,2
"178","May",2,"Tue","9",13,2
"179","May",2,"Wed","10",7,2
"180","May",2,"Thu","11",7,2
"181","May",2,"Thu","12",2,2
"182","May",2,"Fri","12",8,2
"183","May",2,"Fri","13",1,2
"184","May",2,"Sat","13",4,2
"185","May",2,"Sat","14",1,2
"186","May",3,"Sun","21",19,3
"187","May",3,"Mon","15",5,3
"188","May",3,"Tue","16",15,3
"189","May",3,"Tue","17",1,3
"190","May",3,"Wed","17",9,3
"191","May",3,"Thu","18",13,3
"192","May",3,"Fri","19",7,3
"193","May",3,"Fri","20",1,3
"194","May",3,"Sat","20",13,3
"195","May",4,"Sun","28",11,4
"196","May",4,"Mon","22",8,4
"197","May",4,"Mon","23",1,4
"198","May",4,"Tue","23",6,4
"199","May",4,"Wed","24",11,4
"200","May",4,"Wed","25",2,4
"201","May",4,"Thu","25",12,4
"202","May",4,"Thu","26",2,4
"203","May",4,"Fri","26",5,4
"204","May",4,"Sat","27",8,4
"205","May",4,"Sat","28",1,4
"206","May",5,"Mon","29",12,5
"207","May",5,"Tue","30",4,5
"208","May",5,"Tue","31",1,5
"209","May",5,"Wed","31",4,5
"210","Jun",1,"Sun","4",8,1
"211","Jun",1,"Thu","1",8,1
"212","Jun",1,"Fri","2",3,1
"213","Jun",1,"Fri","3",1,1
"214","Jun",1,"Sat","3",10,1
"215","Jun",2,"Sun","11",14,2
"216","Jun",2,"Mon","5",6,2
"217","Jun",2,"Tue","6",4,2
"218","Jun",2,"Wed","7",10,2
"219","Jun",2,"Thu","8",8,2
"220","Jun",2,"Thu","9",1,2
"221","Jun",2,"Fri","9",8,2
"222","Jun",2,"Fri","10",2,2
"223","Jun",2,"Sat","10",9,2
"224","Jun",2,"Sat","11",2,2
"225","Jun",3,"Sun","18",12,3
"226","Jun",3,"Mon","12",5,3
"227","Jun",3,"Tue","13",14,3
"228","Jun",3,"Tue","14",2,3
"229","Jun",3,"Wed","14",8,3
"230","Jun",3,"Thu","15",8,3
"231","Jun",3,"Thu","16",1,3
"232","Jun",3,"Fri","16",6,3
"233","Jun",3,"Fri","17",1,3
"234","Jun",3,"Sat","17",11,3
"235","Jun",3,"Sat","18",1,3
"236","Jun",4,"Sun","25",7,4
"237","Jun",4,"Mon","19",9,4
"238","Jun",4,"Tue","20",13,4
"239","Jun",4,"Wed","21",11,4
"240","Jun",4,"Wed","22",1,4
"241","Jun",4,"Thu","22",9,4
"242","Jun",4,"Fri","23",11,4
"243","Jun",4,"Fri","24",1,4
"244","Jun",4,"Sat","24",4,4
"245","Jun",4,"Sat","25",1,4
"246","Jun",5,"Sun","26",1,5
"247","Jun",5,"Mon","26",9,5
"248","Jun",5,"Tue","27",5,5
"249","Jun",5,"Wed","28",8,5
"250","Jun",5,"Thu","29",13,5
"251","Jun",5,"Fri","30",9,5
"252","Jul",1,"Sun","2",14,1
"253","Jul",1,"Fri","1",1,1
"254","Jul",1,"Sat","1",5,1
"255","Jul",2,"Sun","3",1,2
"256","Jul",2,"Sun","9",12,2
"257","Jul",2,"Mon","3",12,2
"258","Jul",2,"Tue","4",3,2
"259","Jul",2,"Tue","5",1,2
"260","Jul",2,"Wed","5",9,2
"261","Jul",2,"Thu","6",8,2
"262","Jul",2,"Fri","7",6,2
"263","Jul",2,"Fri","8",2,2
"264","Jul",2,"Sat","8",9,2
"265","Jul",3,"Sun","10",1,3
"266","Jul",3,"Sun","16",13,3
"267","Jul",3,"Mon","10",13,3
"268","Jul",3,"Mon","11",1,3
"269","Jul",3,"Tue","11",15,3
"270","Jul",3,"Wed","12",14,3
"271","Jul",3,"Thu","13",9,3
"272","Jul",3,"Thu","14",1,3
"273","Jul",3,"Fri","14",11,3
"274","Jul",3,"Fri","15",1,3
"275","Jul",3,"Sat","15",9,3
"276","Jul",4,"Sun","17",1,4
"277","Jul",4,"Sun","23",6,4
"278","Jul",4,"Mon","17",13,4
"279","Jul",4,"Tue","18",13,4
"280","Jul",4,"Tue","19",1,4
"281","Jul",4,"Wed","19",9,4
"282","Jul",4,"Thu","20",14,4
"283","Jul",4,"Thu","21",1,4
"284","Jul",4,"Fri","21",9,4
"285","Jul",4,"Sat","22",9,4
"286","Jul",4,"Sat","23",1,4
"287","Jul",5,"Sun","30",8,5
"288","Jul",5,"Mon","24",8,5
"289","Jul",5,"Mon","25",1,5
"290","Jul",5,"Tue","25",9,5
"291","Jul",5,"Tue","26",1,5
"292","Jul",5,"Wed","26",17,5
"293","Jul",5,"Thu","27",14,5
"294","Jul",5,"Thu","28",2,5
"295","Jul",5,"Fri","28",11,5
"296","Jul",5,"Fri","29",1,5
"297","Jul",5,"Sat","29",12,5
"298","Jul",5,"Sat","30",2,5
"299","Jul",6,"Mon","31",9,6
"300","Aug",1,"Sun","6",6,1
"301","Aug",1,"Mon","1",1,1
"302","Aug",1,"Tue","1",5,1
"303","Aug",1,"Tue","2",1,1
"304","Aug",1,"Wed","2",7,1
"305","Aug",1,"Wed","3",1,1
"306","Aug",1,"Thu","3",14,1
"307","Aug",1,"Thu","4",1,1
"308","Aug",1,"Fri","4",11,1
"309","Aug",1,"Fri","5",1,1
"310","Aug",1,"Sat","5",10,1
"311","Aug",1,"Sat","6",2,1
"312","Aug",2,"Sun","13",8,2
"313","Aug",2,"Mon","7",14,2
"314","Aug",2,"Tue","8",6,2
"315","Aug",2,"Tue","9",3,2
"316","Aug",2,"Wed","9",5,2
"317","Aug",2,"Thu","10",8,2
"318","Aug",2,"Thu","11",1,2
"319","Aug",2,"Fri","11",9,2
"320","Aug",2,"Fri","12",1,2
"321","Aug",2,"Sat","12",10,2
"322","Aug",2,"Sat","13",1,2
"323","Aug",3,"Sun","20",14,3
"324","Aug",3,"Mon","14",13,3
"325","Aug",3,"Tue","15",14,3
"326","Aug",3,"Wed","16",11,3
"327","Aug",3,"Thu","17",8,3
"328","Aug",3,"Fri","18",14,3
"329","Aug",3,"Fri","19",1,3
"330","Aug",3,"Sat","19",13,3
"331","Aug",3,"Sat","20",3,3
"332","Aug",4,"Sun","27",11,4
"333","Aug",4,"Mon","21",9,4
"334","Aug",4,"Mon","22",1,4
"335","Aug",4,"Tue","22",13,4
"336","Aug",4,"Wed","23",8,4
"337","Aug",4,"Wed","24",2,4
"338","Aug",4,"Thu","24",7,4
"339","Aug",4,"Fri","25",12,4
"340","Aug",4,"Sat","26",12,4
"341","Aug",4,"Sat","27",1,4
"342","Aug",5,"Sun","28",1,5
"343","Aug",5,"Mon","28",4,5
"344","Aug",5,"Mon","29",2,5
"345","Aug",5,"Tue","29",10,5
"346","Aug",5,"Wed","30",7,5
"347","Aug",5,"Thu","31",7,5
"348","Sep",1,"Sun","3",5,1
"349","Sep",1,"Fri","1",4,1
"350","Sep",1,"Sat","2",7,1
"351","Sep",1,"Sat","3",3,1
"352","Sep",2,"Sun","10",6,2
"353","Sep",2,"Mon","4",12,2
"354","Sep",2,"Tue","5",14,2
"355","Sep",2,"Wed","6",6,2
"356","Sep",2,"Wed","7",1,2
"357","Sep",2,"Thu","7",11,2
"358","Sep",2,"Thu","8",1,2
"359","Sep",2,"Fri","8",9,2
"360","Sep",2,"Sat","9",7,2
"361","Sep",3,"Sun","17",11,3
"362","Sep",3,"Mon","11",7,3
"363","Sep",3,"Tue","12",6,3
"364","Sep",3,"Wed","13",9,3
"365","Sep",3,"Thu","14",5,3
"366","Sep",3,"Fri","15",3,3
"367","Sep",3,"Sat","16",5,3
"368","Sep",3,"Sat","17",1,3
"369","Sep",4,"Sun","18",4,4
"370","Sep",4,"Sun","24",7,4
"371","Sep",4,"Mon","18",10,4
"372","Sep",4,"Tue","19",11,4
"373","Sep",4,"Tue","20",1,4
"374","Sep",4,"Wed","20",6,4
"375","Sep",4,"Thu","21",14,4
"376","Sep",4,"Fri","22",11,4
"377","Sep",4,"Fri","23",1,4
"378","Sep",4,"Sat","23",11,4
"379","Sep",4,"Sat","24",1,4
"380","Sep",5,"Mon","25",9,5
"381","Sep",5,"Mon","26",1,5
"382","Sep",5,"Tue","26",8,5
"383","Sep",5,"Tue","27",1,5
"384","Sep",5,"Wed","27",5,5
"385","Sep",5,"Thu","28",6,5
"386","Sep",5,"Fri","29",8,5
"387","Sep",5,"Fri","30",1,5
"388","Sep",5,"Sat","30",12,5
"389","Oct",1,"Sun","1",6,1
"390","Oct",1,"Sat","1",1,1
"391","Oct",2,"Sun","8",9,2
"392","Oct",2,"Mon","2",8,2
"393","Oct",2,"Tue","3",5,2
"394","Oct",2,"Wed","4",2,2
"395","Oct",2,"Wed","5",1,2
"396","Oct",2,"Thu","5",5,2
"397","Oct",2,"Thu","6",1,2
"398","Oct",2,"Fri","6",7,2
"399","Oct",2,"Sat","7",10,2
"400","Oct",3,"Sun","9",1,3
"401","Oct",3,"Sun","15",13,3
"402","Oct",3,"Mon","9",3,3
"403","Oct",3,"Tue","10",7,3
"404","Oct",3,"Wed","11",8,3
"405","Oct",3,"Wed","12",1,3
"406","Oct",3,"Thu","12",10,3
"407","Oct",3,"Thu","13",1,3
"408","Oct",3,"Fri","13",7,3
"409","Oct",3,"Sat","14",12,3
"410","Oct",3,"Sat","15",2,3
"411","Oct",4,"Sun","16",1,4
"412","Oct",4,"Sun","22",13,4
"413","Oct",4,"Mon","16",10,4
"414","Oct",4,"Tue","17",7,4
"415","Oct",4,"Wed","18",5,4
"416","Oct",4,"Wed","19",1,4
"417","Oct",4,"Thu","19",9,4
"418","Oct",4,"Fri","20",12,4
"419","Oct",4,"Fri","21",1,4
"420","Oct",4,"Sat","21",20,4
"421","Oct",4,"Sat","22",1,4
"422","Oct",5,"Sun","23",1,5
"423","Oct",5,"Sun","29",6,5
"424","Oct",5,"Mon","23",9,5
"425","Oct",5,"Tue","24",10,5
"426","Oct",5,"Wed","25",13,5
"427","Oct",5,"Wed","26",1,5
"428","Oct",5,"Thu","26",4,5
"429","Oct",5,"Thu","27",1,5
"430","Oct",5,"Fri","27",5,5
"431","Oct",5,"Sat","28",13,5
"432","Oct",5,"Sat","29",1,5
"433","Oct",6,"Sun","30",2,6
"434","Oct",6,"Mon","30",9,6
"435","Oct",6,"Tue","31",14,6
"436","Nov",1,"Sun","5",15,1
"437","Nov",1,"Tue","1",1,1
"438","Nov",1,"Wed","1",13,1
"439","Nov",1,"Thu","2",9,1
"440","Nov",1,"Fri","3",10,1
"441","Nov",1,"Sat","4",8,1
"442","Nov",1,"Sat","5",1,1
"443","Nov",2,"Sun","12",13,2
"444","Nov",2,"Mon","6",14,2
"445","Nov",2,"Tue","7",9,2
"446","Nov",2,"Wed","8",11,2
"447","Nov",2,"Thu","9",8,2
"448","Nov",2,"Fri","10",5,2
"449","Nov",2,"Fri","11",1,2
"450","Nov",2,"Sat","11",6,2
"451","Nov",3,"Sun","13",1,3
"452","Nov",3,"Sun","19",9,3
"453","Nov",3,"Mon","13",8,3
"454","Nov",3,"Tue","14",8,3
"455","Nov",3,"Wed","15",8,3
"456","Nov",3,"Thu","16",4,3
"457","Nov",3,"Fri","17",10,3
"458","Nov",3,"Sat","18",9,3
"459","Nov",4,"Sun","20",1,4
"460","Nov",4,"Sun","26",13,4
"461","Nov",4,"Mon","20",8,4
"462","Nov",4,"Tue","21",10,4
"463","Nov",4,"Tue","22",2,4
"464","Nov",4,"Wed","22",6,4
"465","Nov",4,"Thu","23",4,4
"466","Nov",4,"Thu","24",2,4
"467","Nov",4,"Fri","24",7,4
"468","Nov",4,"Sat","25",7,4
"469","Nov",5,"Mon","27",7,5
"470","Nov",5,"Tue","28",11,5
"471","Nov",5,"Wed","29",9,5
"472","Nov",5,"Wed","30",1,5
"473","Nov",5,"Thu","30",11,5
"474","Dec",1,"Sun","3",9,1
"475","Dec",1,"Fri","1",11,1
"476","Dec",1,"Sat","2",9,1
"477","Dec",1,"Sat","3",1,1
"478","Dec",2,"Sun","10",6,2
"479","Dec",2,"Mon","4",10,2
"480","Dec",2,"Tue","5",7,2
"481","Dec",2,"Wed","6",8,2
"482","Dec",2,"Thu","7",11,2
"483","Dec",2,"Thu","8",1,2
"484","Dec",2,"Fri","8",9,2
"485","Dec",2,"Fri","9",1,2
"486","Dec",2,"Sat","9",8,2
"487","Dec",3,"Sun","17",10,3
"488","Dec",3,"Mon","11",9,3
"489","Dec",3,"Tue","12",11,3
"490","Dec",3,"Tue","13",1,3
"491","Dec",3,"Wed","13",5,3
"492","Dec",3,"Thu","14",13,3
"493","Dec",3,"Fri","15",11,3
"494","Dec",3,"Sat","16",10,3
"495","Dec",3,"Sat","17",1,3
"496","Dec",4,"Sun","24",8,4
"497","Dec",4,"Mon","18",12,4
"498","Dec",4,"Tue","19",12,4
"499","Dec",4,"Tue","20",1,4
"500","Dec",4,"Wed","20",9,4
"501","Dec",4,"Wed","21",1,4
"502","Dec",4,"Thu","21",8,4
"503","Dec",4,"Thu","22",1,4
"504","Dec",4,"Thu","23",1,4
"505","Dec",4,"Fri","22",5,4
"506","Dec",4,"Fri","23",1,4
"507","Dec",4,"Sat","23",13,4
"508","Dec",4,"Sat","24",1,4
"509","Dec",5,"Sun","31",11,5
"510","Dec",5,"Mon","25",3,5
"511","Dec",5,"Mon","26",1,5
"512","Dec",5,"Tue","26",2,5
"513","Dec",5,"Wed","27",14,5
"514","Dec",5,"Thu","28",10,5
"515","Dec",5,"Fri","29",3,5
"516","Dec",5,"Fri","30",1,5
"517","Dec",5,"Sat","30",7,5
